Order ID,Order Date,Region,Category,Sub-Category,Sales,Profit
ORD-1000,2025-01-14,South,Technology,Accessories,1959.38,551.5
ORD-1001,2025-02-02,West,Technology,Accessories,2772.06,782.25
ORD-1002,2025-03-04,Central,Furniture,Tables,1699.56,411.31
ORD-1003,2025-04-13,South,Furniture,Furnishings,1645.64,198.99
ORD-1004,2025-09-13,West,Technology,Accessories,1103.36,253.4
ORD-1005,2025-07-01,East,Technology,Computers,1149.06,307.28
ORD-1006,2025-08-19,East,Furniture,Bookcases,2066.18,368.95
ORD-1007,2025-07-04,South,Office Supplies,Art,320.62,81.18
ORD-1008,2025-09-08,West,Technology,Copiers,2259.32,419.89
ORD-1009,2025-04-27,East,Office Supplies,Fasteners,700.56,234.71
ORD-1010,2024-11-26,East,Office Supplies,Storage,1249.8,506.2
ORD-1011,2025-03-14,East,Office Supplies,Labels,849.92,227.52
ORD-1012,2025-05-06,East,Office Supplies,Fasteners,780.55,311.8
ORD-1013,2024-11-25,Central,Furniture,Furnishings,2060.7,321.22
ORD-1014,2025-03-09,South,Furniture,Chairs,2471.15,544.62
ORD-1015,2025-02-16,West,Technology,Accessories,2357.83,716.62
ORD-1016,2025-07-19,Central,Office Supplies,Labels,475.06,205.7
ORD-1017,2025-04-22,Central,Office Supplies,Storage,62.62,19.55
ORD-1018,2025-05-07,Central,Office Supplies,Labels,411.99,134.55
ORD-1019,2025-02-11,Central,Office Supplies,Labels,447.38,156.03
ORD-1020,2025-04-28,East,Office Supplies,Fasteners,119.78,30.7
ORD-1021,2025-05-22,East,Furniture,Furnishings,2104.66,290.68
ORD-1022,2025-05-22,East,Technology,Phones,1232.79,238.04
ORD-1023,2025-04-08,Central,Office Supplies,Art,585.3,220.47
ORD-1024,2025-02-14,East,Office Supplies,Art,405.43,166.83
ORD-1025,2025-09-16,East,Office Supplies,Storage,267.1,101.38
ORD-1026,2025-02-01,South,Furniture,Bookcases,252.24,47.02
ORD-1027,2025-02-17,East,Furniture,Bookcases,821.29,124.62
ORD-1028,2025-08-14,East,Furniture,Furnishings,1264.98,311.61
ORD-1029,2024-11-24,West,Technology,Computers,4150.83,851.65
ORD-1030,2024-12-23,West,Office Supplies,Art,619.91,159.07
ORD-1031,2025-05-15,South,Technology,Computers,862.24,226.95
ORD-1032,2025-03-12,East,Technology,Copiers,807.45,196.08
ORD-1033,2025-06-15,South,Furniture,Furnishings,2463.53,423.35
ORD-1034,2025-05-31,South,Furniture,Furnishings,1418.04,298.43
ORD-1035,2025-06-19,Central,Technology,Copiers,487.32,130.14
ORD-1036,2025-02-27,East,Technology,Copiers,2623.2,649.47
ORD-1037,2024-11-11,South,Furniture,Bookcases,1470.48,198.15
ORD-1038,2025-03-03,East,Office Supplies,Labels,228.01,64.98
ORD-1039,2025-01-23,East,Furniture,Tables,2292.42,562.8
ORD-1040,2024-11-09,South,Technology,Phones,1676.05,501.24
ORD-1041,2025-04-29,South,Office Supplies,Fasteners,712.46,299.37
ORD-1042,2025-01-24,West,Office Supplies,Fasteners,512.74,129.13
ORD-1043,2025-01-10,South,Office Supplies,Fasteners,206.55,71.7
ORD-1044,2025-03-15,Central,Furniture,Furnishings,1680.11,253.43
ORD-1045,2025-07-07,West,Technology,Accessories,2787.24,770.99
ORD-1046,2024-10-25,West,Office Supplies,Art,594.44,254.66
ORD-1047,2025-07-13,East,Furniture,Tables,1977.11,409.18
ORD-1048,2025-08-16,East,Technology,Copiers,2430.73,510.72
ORD-1049,2025-05-11,East,Office Supplies,Storage,815.49,325.83
ORD-1050,2024-11-09,South,Furniture,Tables,3397.3,833.26
ORD-1051,2025-01-27,West,Furniture,Furnishings,2259.4,364.22
ORD-1052,2025-02-08,East,Office Supplies,Labels,624.21,272.16
ORD-1053,2025-03-26,West,Technology,Computers,1815.6,405.26
ORD-1054,2025-07-03,South,Furniture,Bookcases,1859.6,356.8
ORD-1055,2025-03-22,South,Technology,Computers,2667.68,894.34
ORD-1056,2025-08-12,Central,Furniture,Furnishings,1659.89,370.91
ORD-1057,2025-02-23,East,Office Supplies,Fasteners,433.37,111.46
ORD-1058,2025-03-05,West,Office Supplies,Storage,876.68,370.03
ORD-1059,2025-08-04,West,Office Supplies,Labels,391.23,107.75
ORD-1060,2025-06-24,Central,Furniture,Bookcases,438.99,55.63
ORD-1061,2025-09-18,East,Technology,Copiers,2662.51,920.95
ORD-1062,2025-02-04,Central,Technology,Phones,1077.88,273.46
ORD-1063,2024-11-30,West,Furniture,Tables,4400.44,1006.28
ORD-1064,2025-02-09,West,Furniture,Bookcases,884.56,169.3
ORD-1065,2024-11-20,West,Furniture,Chairs,3101.64,580.53
ORD-1066,2025-04-13,East,Office Supplies,Storage,399.38,119.63
ORD-1067,2025-02-24,West,Office Supplies,Storage,298.13,80.01
ORD-1068,2024-11-19,West,Office Supplies,Art,1035.31,357.01
ORD-1069,2025-05-09,Central,Furniture,Bookcases,955.68,172.41
ORD-1070,2025-09-25,East,Office Supplies,Art,592.68,153.54
ORD-1071,2025-05-14,West,Technology,Computers,2278.38,619.02
ORD-1072,2024-10-07,Central,Technology,Computers,713.51,199.48
ORD-1073,2025-09-08,East,Office Supplies,Labels,600.03,205.0
ORD-1074,2025-03-31,South,Technology,Phones,2902.98,969.33
ORD-1075,2024-11-16,West,Technology,Computers,992.91,194.67
ORD-1076,2024-11-07,East,Office Supplies,Fasteners,516.18,199.41
ORD-1077,2025-01-26,West,Office Supplies,Storage,303.37,132.67
ORD-1078,2025-05-08,South,Furniture,Furnishings,690.37,150.21
ORD-1079,2025-04-13,East,Technology,Copiers,942.11,209.62
ORD-1080,2025-01-07,East,Office Supplies,Fasteners,634.4,213.03
ORD-1081,2024-10-16,Central,Technology,Phones,1819.85,492.88
ORD-1082,2024-12-26,South,Office Supplies,Storage,1005.91,329.78
ORD-1083,2025-05-24,South,Furniture,Bookcases,2404.96,500.18
ORD-1084,2024-11-24,East,Technology,Copiers,2609.99,599.9
ORD-1085,2024-10-28,East,Furniture,Furnishings,3834.42,849.59
ORD-1086,2024-11-11,West,Office Supplies,Art,118.11,42.51
ORD-1087,2025-02-13,Central,Furniture,Bookcases,1334.04,328.07
ORD-1088,2024-10-12,Central,Furniture,Chairs,2702.27,473.96
ORD-1089,2025-03-20,West,Office Supplies,Labels,742.13,197.61
ORD-1090,2025-03-17,West,Furniture,Chairs,2907.83,438.41
ORD-1091,2025-08-26,South,Office Supplies,Fasteners,85.13,34.51
ORD-1092,2025-04-03,Central,Office Supplies,Art,249.84,84.17
ORD-1093,2025-03-25,West,Office Supplies,Art,777.35,313.61
ORD-1094,2025-09-29,Central,Technology,Phones,984.39,244.17
ORD-1095,2025-08-11,East,Furniture,Tables,2374.34,586.76
ORD-1096,2025-03-25,West,Furniture,Furnishings,1899.23,473.07
ORD-1097,2025-05-20,West,Technology,Copiers,895.16,186.42
ORD-1098,2025-08-04,Central,Technology,Phones,1862.01,520.12
ORD-1099,2025-02-24,Central,Technology,Copiers,2085.66,395.94
ORD-1100,2025-09-26,East,Furniture,Furnishings,774.29,158.03
ORD-1101,2025-02-16,East,Office Supplies,Fasteners,74.18,33.0
ORD-1102,2025-04-13,East,Technology,Phones,1379.32,344.7
ORD-1103,2025-05-11,West,Furniture,Tables,607.93,147.28
ORD-1104,2025-06-16,Central,Furniture,Tables,433.84,101.5
ORD-1105,2025-06-11,West,Technology,Copiers,1873.51,595.39
ORD-1106,2025-05-15,South,Technology,Phones,2373.95,585.91
ORD-1107,2025-08-14,South,Furniture,Chairs,1331.12,231.52
ORD-1108,2025-08-10,South,Furniture,Chairs,2499.38,623.75
ORD-1109,2024-10-26,Central,Furniture,Tables,2733.22,415.87
ORD-1110,2024-12-20,West,Furniture,Bookcases,1646.03,241.87
ORD-1111,2025-07-18,West,Technology,Copiers,722.1,191.13
ORD-1112,2025-01-29,South,Office Supplies,Fasteners,525.42,233.08
ORD-1113,2025-05-13,South,Furniture,Furnishings,1356.1,236.87
ORD-1114,2025-05-20,Central,Office Supplies,Labels,167.5,46.44
ORD-1115,2025-06-12,South,Office Supplies,Art,516.58,186.47
ORD-1116,2025-08-07,East,Furniture,Furnishings,2648.49,420.41
ORD-1117,2025-01-17,South,Furniture,Chairs,498.85,119.95
ORD-1118,2025-08-29,Central,Furniture,Tables,1499.2,247.61
ORD-1119,2025-02-06,Central,Technology,Accessories,1327.07,342.68
ORD-1120,2025-09-04,West,Office Supplies,Fasteners,675.85,193.55
ORD-1121,2025-04-05,East,Technology,Accessories,2494.23,522.03
ORD-1122,2025-02-02,West,Furniture,Chairs,1101.55,181.97
ORD-1123,2024-10-25,West,Furniture,Chairs,2390.96,351.05
ORD-1124,2024-11-06,West,Office Supplies,Storage,492.92,132.33
ORD-1125,2024-11-19,Central,Technology,Copiers,3381.77,1138.13
ORD-1126,2024-12-03,West,Furniture,Furnishings,3542.03,510.01
ORD-1127,2025-04-28,East,Office Supplies,Art,577.57,187.01
ORD-1128,2025-05-07,Central,Office Supplies,Art,121.71,33.67
ORD-1129,2024-10-06,South,Office Supplies,Labels,609.07,165.32
ORD-1130,2025-07-24,East,Technology,Copiers,1349.07,329.36
ORD-1131,2025-04-23,East,Furniture,Bookcases,570.69,108.2
ORD-1132,2024-10-28,South,Furniture,Furnishings,1513.72,309.32
ORD-1133,2025-02-26,West,Technology,Computers,2045.79,627.49
ORD-1134,2025-05-27,West,Furniture,Chairs,1428.42,291.35
ORD-1135,2025-05-17,West,Technology,Phones,1723.63,583.84
ORD-1136,2025-03-02,West,Office Supplies,Labels,520.64,218.75
ORD-1137,2025-08-17,South,Technology,Phones,700.58,188.57
ORD-1138,2024-11-12,Central,Technology,Computers,1883.25,649.36
ORD-1139,2024-10-07,West,Office Supplies,Storage,733.07,289.25
ORD-1140,2024-12-04,South,Technology,Accessories,2700.64,614.66
ORD-1141,2025-07-30,West,Office Supplies,Art,746.91,216.53
ORD-1142,2024-10-23,West,Technology,Phones,3688.32,844.87
ORD-1143,2025-07-23,East,Technology,Copiers,1496.85,420.55
ORD-1144,2025-03-30,East,Furniture,Bookcases,1733.77,253.52
ORD-1145,2025-03-20,South,Furniture,Bookcases,1799.31,393.74
ORD-1146,2024-11-10,East,Office Supplies,Labels,1199.5,499.14
ORD-1147,2025-05-27,East,Furniture,Furnishings,2852.05,418.25
ORD-1148,2024-11-07,South,Office Supplies,Fasteners,947.28,263.3
ORD-1149,2025-09-29,Central,Office Supplies,Labels,133.31,55.05
ORD-1150,2024-12-20,East,Furniture,Chairs,2566.78,535.91
ORD-1151,2025-08-27,East,Office Supplies,Fasteners,438.02,135.91
ORD-1152,2024-10-26,East,Furniture,Chairs,1741.69,297.64
ORD-1153,2025-08-08,South,Technology,Accessories,792.25,269.18
ORD-1154,2025-03-31,East,Technology,Accessories,2357.71,638.2
ORD-1155,2025-05-22,East,Furniture,Tables,2248.58,476.49
ORD-1156,2025-07-19,West,Office Supplies,Art,799.13,339.91
ORD-1157,2025-09-21,West,Furniture,Bookcases,1473.43,264.35
ORD-1158,2025-04-05,East,Furniture,Chairs,925.01,197.85
ORD-1159,2025-02-10,West,Technology,Accessories,1990.32,600.58
ORD-1160,2025-07-13,East,Technology,Computers,3186.8,889.68
ORD-1161,2025-04-21,East,Office Supplies,Art,574.61,248.44
ORD-1162,2025-01-15,East,Furniture,Chairs,312.66,72.97
ORD-1163,2025-09-24,South,Furniture,Furnishings,350.65,71.77
ORD-1164,2025-01-03,East,Furniture,Tables,432.5,57.76
ORD-1165,2025-07-27,South,Technology,Phones,783.1,272.07
ORD-1166,2025-01-21,West,Technology,Phones,1383.58,322.3
ORD-1167,2025-03-01,East,Furniture,Chairs,865.12,192.41
ORD-1168,2025-03-06,East,Technology,Copiers,2120.01,713.12
ORD-1169,2025-05-01,East,Technology,Phones,2262.82,419.94
ORD-1170,2025-06-11,West,Furniture,Bookcases,863.37,107.41
ORD-1171,2025-03-13,East,Technology,Accessories,2392.76,436.02
ORD-1172,2024-11-21,West,Furniture,Chairs,2777.45,644.04
ORD-1173,2024-12-05,South,Furniture,Bookcases,2253.79,290.11
ORD-1174,2025-05-06,East,Technology,Computers,1164.78,247.42
ORD-1175,2025-07-16,South,Technology,Computers,1235.11,372.25
ORD-1176,2025-04-15,East,Furniture,Tables,1602.44,351.73
ORD-1177,2025-02-12,West,Furniture,Bookcases,2476.71,417.4
ORD-1178,2025-03-14,East,Technology,Accessories,1023.94,308.94
ORD-1179,2025-09-17,East,Furniture,Bookcases,987.34,143.65
ORD-1180,2025-06-15,West,Office Supplies,Storage,837.11,239.17
ORD-1181,2025-01-08,East,Office Supplies,Labels,192.9,76.09
ORD-1182,2025-01-31,South,Furniture,Tables,600.77,94.99
ORD-1183,2024-10-10,Central,Furniture,Bookcases,2729.01,371.04
ORD-1184,2024-11-08,Central,Office Supplies,Art,920.16,345.02
ORD-1185,2024-10-14,West,Office Supplies,Labels,874.38,265.47
ORD-1186,2025-06-21,East,Office Supplies,Storage,414.21,127.95
ORD-1187,2025-09-10,South,Furniture,Tables,1544.71,383.24
ORD-1188,2025-05-06,South,Furniture,Tables,349.43,54.14
ORD-1189,2024-11-12,Central,Furniture,Bookcases,982.36,200.26
ORD-1190,2024-10-07,West,Furniture,Chairs,3313.65,691.94
ORD-1191,2025-08-25,South,Furniture,Tables,1568.34,244.08
ORD-1192,2024-10-20,East,Office Supplies,Art,936.63,254.12
ORD-1193,2025-09-10,West,Furniture,Bookcases,2889.33,571.11
ORD-1194,2025-06-28,Central,Furniture,Bookcases,1405.12,321.71
ORD-1195,2025-04-11,East,Office Supplies,Fasteners,882.89,253.28
ORD-1196,2025-04-02,Central,Office Supplies,Storage,291.29,89.64
ORD-1197,2025-03-16,Central,Technology,Copiers,1724.41,449.95
ORD-1198,2025-01-22,South,Office Supplies,Storage,317.86,96.62
ORD-1199,2025-05-30,West,Technology,Copiers,817.13,216.04
ORD-1200,2025-10-03,West,Furniture,Tables,2444.85,402.84
ORD-1201,2025-07-26,Central,Furniture,Chairs,1633.04,288.28
ORD-1202,2024-11-11,West,Office Supplies,Storage,39.72,17.62
ORD-1203,2025-01-13,Central,Technology,Phones,524.85,176.32
ORD-1204,2024-10-20,South,Technology,Phones,1347.97,366.81
ORD-1205,2025-05-07,Central,Technology,Phones,2157.83,654.03
ORD-1206,2025-04-19,South,Office Supplies,Storage,524.4,203.8
ORD-1207,2025-10-03,Central,Office Supplies,Fasteners,934.53,267.38
ORD-1208,2024-12-28,South,Office Supplies,Labels,789.58,244.35
ORD-1209,2025-03-28,West,Technology,Accessories,3234.86,992.01
ORD-1210,2025-01-14,West,Technology,Copiers,1118.02,224.16
ORD-1211,2025-01-09,South,Technology,Copiers,1282.06,318.93
ORD-1212,2024-11-11,East,Furniture,Furnishings,3283.74,530.12
ORD-1213,2025-05-01,East,Furniture,Tables,2562.96,446.66
ORD-1214,2025-05-18,South,Office Supplies,Labels,702.27,249.86
ORD-1215,2025-01-07,South,Technology,Computers,1101.42,341.91
ORD-1216,2025-08-17,East,Furniture,Furnishings,2555.4,633.56
ORD-1217,2025-06-26,West,Technology,Accessories,2348.19,714.99
ORD-1218,2025-03-29,West,Office Supplies,Fasteners,317.26,98.12
ORD-1219,2025-07-23,West,Furniture,Chairs,3214.89,564.57
ORD-1220,2025-08-04,East,Technology,Computers,2869.22,642.78
ORD-1221,2025-04-19,South,Technology,Computers,2002.0,667.93
ORD-1222,2025-05-17,West,Technology,Copiers,3713.88,1078.66
ORD-1223,2025-06-03,East,Office Supplies,Labels,181.35,53.33
ORD-1224,2025-06-01,South,Office Supplies,Storage,65.12,28.9
ORD-1225,2025-03-29,East,Office Supplies,Storage,178.98,58.93
ORD-1226,2025-03-30,East,Furniture,Furnishings,2615.51,471.42
ORD-1227,2025-06-29,West,Technology,Phones,2577.05,718.01
ORD-1228,2025-01-09,East,Technology,Accessories,757.88,250.93
ORD-1229,2025-05-17,South,Furniture,Bookcases,1741.53,333.7
ORD-1230,2025-05-17,East,Technology,Computers,1321.79,400.48
ORD-1231,2025-01-01,East,Furniture,Furnishings,497.56,117.57
ORD-1232,2024-12-23,West,Furniture,Furnishings,2612.38,621.35
ORD-1233,2025-08-22,East,Office Supplies,Fasteners,530.46,160.95
ORD-1234,2025-06-22,East,Furniture,Bookcases,2539.25,538.54
ORD-1235,2025-10-01,West,Furniture,Tables,969.76,204.49
ORD-1236,2025-04-09,West,Technology,Phones,3483.49,644.35
ORD-1237,2024-10-26,West,Technology,Phones,4292.96,890.06
ORD-1238,2025-09-24,East,Furniture,Chairs,999.48,145.03
ORD-1239,2024-10-16,Central,Furniture,Chairs,2129.39,327.45
ORD-1240,2025-04-09,West,Furniture,Bookcases,757.36,118.78
ORD-1241,2024-12-16,East,Office Supplies,Labels,524.66,150.0
ORD-1242,2024-11-09,West,Office Supplies,Fasteners,463.65,181.58
ORD-1243,2025-04-14,West,Technology,Computers,3482.49,1203.18
ORD-1244,2025-07-15,East,Technology,Accessories,2283.89,560.04
ORD-1245,2024-11-01,West,Office Supplies,Labels,730.08,295.01
ORD-1246,2024-11-30,West,Office Supplies,Art,701.54,307.88
ORD-1247,2025-01-10,East,Technology,Accessories,2288.06,681.67
ORD-1248,2025-07-18,West,Office Supplies,Fasteners,689.67,210.11
ORD-1249,2025-09-05,South,Furniture,Chairs,2300.95,532.57
ORD-1250,2024-12-26,East,Furniture,Chairs,3968.25,687.35
ORD-1251,2024-10-18,Central,Technology,Copiers,3364.59,1014.55
ORD-1252,2025-07-04,South,Technology,Copiers,898.11,192.76
ORD-1253,2025-01-04,South,Technology,Accessories,2089.57,646.46
ORD-1254,2025-09-17,West,Furniture,Furnishings,3023.62,605.22
ORD-1255,2024-11-18,East,Office Supplies,Art,783.58,291.07
ORD-1256,2025-09-08,East,Office Supplies,Fasteners,463.96,121.95
ORD-1257,2025-01-28,Central,Technology,Copiers,1179.4,214.62
ORD-1258,2025-07-04,Central,Office Supplies,Art,702.24,276.95
ORD-1259,2024-10-14,Central,Furniture,Furnishings,2539.75,317.85
ORD-1260,2025-05-05,Central,Furniture,Chairs,473.53,91.97
ORD-1261,2024-12-22,East,Furniture,Tables,3230.9,783.04
ORD-1262,2025-09-21,East,Furniture,Chairs,1232.09,153.17
ORD-1263,2025-01-27,East,Technology,Computers,2708.17,579.94
ORD-1264,2025-02-02,South,Office Supplies,Art,120.51,32.65
ORD-1265,2025-08-16,Central,Office Supplies,Storage,675.22,175.82
ORD-1266,2024-11-13,Central,Office Supplies,Fasteners,813.14,258.49
ORD-1267,2025-06-11,East,Technology,Copiers,2164.88,609.57
ORD-1268,2024-10-25,East,Technology,Accessories,2923.77,889.91
ORD-1269,2024-10-15,West,Furniture,Chairs,4036.62,599.43
ORD-1270,2024-11-27,East,Furniture,Furnishings,3571.03,629.84
ORD-1271,2025-07-18,East,Office Supplies,Art,668.12,197.56
ORD-1272,2025-09-20,East,Technology,Accessories,809.39,201.18
ORD-1273,2025-01-04,East,Technology,Phones,2393.04,501.61
ORD-1274,2025-05-04,Central,Furniture,Furnishings,1112.48,183.53
ORD-1275,2025-10-02,Central,Office Supplies,Storage,530.36,194.96
ORD-1276,2025-06-10,Central,Office Supplies,Labels,650.29,217.42
ORD-1277,2025-06-03,Central,Office Supplies,Storage,165.88,62.14
ORD-1278,2024-11-12,South,Furniture,Bookcases,2810.08,485.27
ORD-1279,2024-12-29,Central,Office Supplies,Art,529.0,175.95
ORD-1280,2024-11-13,West,Furniture,Bookcases,2920.05,570.35
ORD-1281,2024-12-26,Central,Office Supplies,Storage,409.55,181.79
ORD-1282,2024-12-08,South,Furniture,Bookcases,2232.31,441.62
ORD-1283,2025-03-16,South,Technology,Accessories,1090.13,209.84
ORD-1284,2025-06-30,East,Furniture,Tables,2038.56,283.25
ORD-1285,2025-02-13,West,Technology,Copiers,2357.62,491.32
ORD-1286,2025-07-14,West,Furniture,Bookcases,2288.48,415.82
ORD-1287,2025-01-31,South,Technology,Accessories,1516.28,412.1
ORD-1288,2025-09-02,West,Technology,Phones,3693.97,689.62
ORD-1289,2025-01-30,West,Furniture,Chairs,514.62,68.67
ORD-1290,2025-03-31,West,Office Supplies,Fasteners,1026.44,454.74
ORD-1291,2025-07-29,West,Furniture,Tables,3173.06,620.06
ORD-1292,2025-04-05,East,Office Supplies,Labels,621.18,172.64
ORD-1293,2025-02-06,East,Office Supplies,Art,544.33,153.76
ORD-1294,2025-09-09,West,Furniture,Furnishings,1060.85,260.16
ORD-1295,2025-03-27,Central,Technology,Accessories,2575.38,762.7
ORD-1296,2025-01-25,West,Office Supplies,Fasteners,722.17,291.54
ORD-1297,2025-08-27,South,Furniture,Chairs,774.49,159.28
ORD-1298,2024-11-25,Central,Furniture,Tables,1344.25,189.15
ORD-1299,2025-04-13,West,Furniture,Chairs,1553.76,362.33
ORD-1300,2024-12-15,West,Technology,Phones,1406.45,408.7
ORD-1301,2025-01-13,East,Office Supplies,Labels,598.11,240.71
ORD-1302,2025-07-09,East,Technology,Phones,920.6,250.92
ORD-1303,2024-12-31,East,Furniture,Furnishings,2643.02,510.76
ORD-1304,2025-08-15,East,Furniture,Chairs,1725.59,306.77
ORD-1305,2025-01-13,West,Technology,Copiers,2257.35,644.05
ORD-1306,2025-06-25,East,Office Supplies,Fasteners,488.62,168.98
ORD-1307,2025-01-28,South,Furniture,Furnishings,502.23,94.65
ORD-1308,2025-07-30,East,Technology,Copiers,2154.57,661.38
ORD-1309,2025-10-02,South,Furniture,Chairs,1023.0,123.77
ORD-1310,2025-08-02,West,Technology,Phones,2777.75,679.47
ORD-1311,2025-08-23,South,Office Supplies,Labels,99.11,34.41
ORD-1312,2024-11-24,Central,Furniture,Bookcases,1853.43,362.38
ORD-1313,2025-01-17,Central,Office Supplies,Art,167.51,55.73
ORD-1314,2025-09-13,East,Technology,Accessories,3045.82,962.37
ORD-1315,2025-03-11,Central,Furniture,Tables,636.75,152.38
ORD-1316,2024-12-26,East,Technology,Computers,3019.66,565.82
ORD-1317,2025-09-30,West,Furniture,Bookcases,2214.64,414.08
ORD-1318,2025-05-11,West,Furniture,Bookcases,2137.41,370.7
ORD-1319,2025-02-05,South,Furniture,Tables,689.94,109.88
ORD-1320,2025-03-04,South,Technology,Computers,2523.82,783.22
ORD-1321,2025-06-02,West,Furniture,Bookcases,2876.08,521.94
ORD-1322,2025-03-01,West,Furniture,Bookcases,1048.5,153.92
ORD-1323,2024-10-14,West,Office Supplies,Storage,880.32,307.54
ORD-1324,2025-06-18,West,Technology,Phones,2846.48,726.6
ORD-1325,2025-02-05,Central,Furniture,Bookcases,1786.15,244.15
ORD-1326,2024-10-22,Central,Office Supplies,Art,915.15,370.2
ORD-1327,2024-11-08,West,Furniture,Furnishings,1314.24,212.96
ORD-1328,2024-12-12,East,Furniture,Chairs,3429.46,710.06
ORD-1329,2024-10-30,Central,Office Supplies,Fasteners,664.88,237.09
ORD-1330,2024-11-30,East,Office Supplies,Art,1280.64,489.68
ORD-1331,2025-04-30,South,Technology,Computers,1333.92,371.74
ORD-1332,2024-11-08,South,Furniture,Bookcases,2744.9,390.22
ORD-1333,2025-01-17,West,Furniture,Bookcases,2042.1,337.32
ORD-1334,2025-02-16,South,Office Supplies,Storage,90.77,40.38
ORD-1335,2025-01-29,South,Furniture,Chairs,1421.94,187.81
ORD-1336,2025-05-22,South,Furniture,Furnishings,1415.04,199.11
ORD-1337,2025-02-22,West,Technology,Computers,1408.35,344.7
ORD-1338,2025-06-18,South,Furniture,Chairs,972.15,166.83
ORD-1339,2025-03-06,Central,Technology,Computers,2518.63,666.14
ORD-1340,2025-09-10,East,Office Supplies,Fasteners,857.74,234.4
ORD-1341,2024-12-24,Central,Office Supplies,Fasteners,548.52,216.27
ORD-1342,2024-12-09,South,Office Supplies,Storage,380.2,96.79
ORD-1343,2025-09-15,Central,Office Supplies,Art,702.88,265.82
ORD-1344,2024-10-28,East,Furniture,Tables,1594.22,316.98
ORD-1345,2025-08-20,Central,Office Supplies,Art,140.74,49.33
ORD-1346,2024-10-28,Central,Office Supplies,Fasteners,495.21,173.93
ORD-1347,2024-12-21,South,Furniture,Bookcases,1978.92,350.54
ORD-1348,2025-08-15,South,Furniture,Bookcases,1663.09,340.15
ORD-1349,2025-07-17,West,Technology,Computers,2144.35,407.19
ORD-1350,2025-06-27,Central,Technology,Copiers,1119.05,283.3
ORD-1351,2025-01-10,West,Office Supplies,Art,102.77,39.92
ORD-1352,2025-06-12,Central,Technology,Copiers,2281.43,649.27
ORD-1353,2025-08-07,West,Office Supplies,Labels,760.46,310.59
ORD-1354,2025-04-12,East,Furniture,Bookcases,1275.43,221.72
ORD-1355,2024-10-17,West,Furniture,Tables,4405.14,670.97
ORD-1356,2024-12-04,East,Office Supplies,Art,358.47,144.13
ORD-1357,2025-08-13,West,Furniture,Chairs,1315.21,300.47
ORD-1358,2025-05-04,West,Furniture,Chairs,511.93,86.15
ORD-1359,2025-04-09,Central,Furniture,Furnishings,796.72,111.06
ORD-1360,2025-04-17,South,Office Supplies,Fasteners,652.34,243.2
ORD-1361,2024-11-14,South,Furniture,Chairs,3362.43,747.46
ORD-1362,2025-02-09,South,Furniture,Chairs,1719.93,214.98
ORD-1363,2025-05-23,East,Technology,Accessories,2470.64,820.67
ORD-1364,2025-04-21,West,Furniture,Furnishings,1678.77,394.04
ORD-1365,2024-12-11,Central,Furniture,Bookcases,2263.59,283.89
ORD-1366,2024-12-29,Central,Furniture,Bookcases,575.52,69.97
ORD-1367,2025-02-13,East,Office Supplies,Labels,231.19,73.97
ORD-1368,2025-05-02,Central,Technology,Accessories,1377.29,376.6
ORD-1369,2025-09-20,West,Office Supplies,Art,109.77,38.74
ORD-1370,2025-09-05,West,Furniture,Chairs,1482.35,217.52
ORD-1371,2024-11-21,West,Office Supplies,Storage,950.49,338.43
ORD-1372,2025-04-11,South,Office Supplies,Storage,117.68,40.58
ORD-1373,2025-06-18,Central,Furniture,Furnishings,1751.18,394.94
ORD-1374,2025-05-17,West,Technology,Phones,3666.27,799.92
ORD-1375,2025-03-05,East,Office Supplies,Fasteners,371.62,105.07
ORD-1376,2025-05-04,Central,Technology,Computers,478.61,166.9
ORD-1377,2025-02-02,South,Technology,Accessories,2093.03,703.71
ORD-1378,2024-10-21,Central,Office Supplies,Storage,986.77,394.35
ORD-1379,2025-05-29,South,Technology,Copiers,1862.57,647.04
ORD-1380,2024-10-25,East,Furniture,Tables,865.34,180.93
ORD-1381,2025-07-13,South,Technology,Accessories,876.69,208.83
ORD-1382,2025-07-08,East,Furniture,Chairs,1631.15,258.83
ORD-1383,2024-10-22,West,Office Supplies,Labels,855.75,364.06
ORD-1384,2025-05-20,West,Office Supplies,Art,35.46,10.62
ORD-1385,2025-06-21,South,Technology,Copiers,2699.54,787.69
ORD-1386,2024-10-13,Central,Office Supplies,Labels,629.6,244.02
ORD-1387,2025-01-23,South,Office Supplies,Art,490.86,126.18
ORD-1388,2025-04-30,West,Furniture,Tables,2559.81,532.93
ORD-1389,2025-06-03,South,Office Supplies,Fasteners,411.6,113.17
ORD-1390,2025-01-22,East,Office Supplies,Fasteners,174.27,48.37
ORD-1391,2025-05-21,East,Technology,Phones,658.58,137.23
ORD-1392,2025-04-09,South,Furniture,Bookcases,2223.38,414.25
ORD-1393,2024-10-06,West,Office Supplies,Labels,1034.3,269.5
ORD-1394,2024-10-27,Central,Office Supplies,Labels,290.38,120.51
ORD-1395,2025-08-04,Central,Technology,Computers,2014.69,618.12
ORD-1396,2025-08-13,Central,Technology,Copiers,1613.86,411.26
ORD-1397,2025-05-19,West,Furniture,Bookcases,1064.55,179.15
ORD-1398,2025-01-24,Central,Technology,Accessories,2157.03,730.43
ORD-1399,2025-07-31,West,Office Supplies,Fasteners,529.11,151.14
ORD-1400,2025-04-19,South,Technology,Accessories,1929.68,540.16
ORD-1401,2024-12-03,South,Technology,Phones,3150.88,880.95
ORD-1402,2025-01-29,West,Furniture,Bookcases,995.48,241.19
ORD-1403,2024-11-07,East,Technology,Phones,4193.78,887.56
ORD-1404,2024-11-21,East,Furniture,Furnishings,955.79,124.71
ORD-1405,2025-05-22,South,Technology,Phones,2450.53,444.02
ORD-1406,2025-07-27,West,Furniture,Bookcases,3028.7,549.31
ORD-1407,2025-05-04,West,Office Supplies,Art,62.8,19.16
ORD-1408,2025-05-11,South,Office Supplies,Fasteners,309.54,103.94
ORD-1409,2025-05-08,South,Furniture,Chairs,2176.8,274.37
ORD-1410,2025-09-06,South,Furniture,Chairs,1471.33,255.19
ORD-1411,2024-10-10,West,Technology,Computers,4242.64,1159.15
ORD-1412,2025-02-23,South,Furniture,Tables,1697.05,377.43
ORD-1413,2025-02-22,Central,Office Supplies,Storage,158.47,60.35
ORD-1414,2025-05-09,West,Furniture,Bookcases,1272.88,309.46
ORD-1415,2025-03-13,West,Technology,Computers,938.73,278.09
ORD-1416,2025-07-19,East,Furniture,Chairs,2521.15,539.44
ORD-1417,2025-03-21,South,Furniture,Chairs,1648.38,246.27
ORD-1418,2025-01-09,East,Furniture,Chairs,2190.09,504.81
ORD-1419,2024-12-08,West,Technology,Phones,4319.24,990.83
ORD-1420,2025-07-24,South,Office Supplies,Labels,60.53,24.65
ORD-1421,2024-11-04,West,Office Supplies,Labels,1113.06,446.14
ORD-1422,2025-02-23,West,Furniture,Bookcases,2324.48,542.01
ORD-1423,2025-03-20,South,Office Supplies,Storage,41.19,10.83
ORD-1424,2025-06-14,East,Furniture,Tables,1604.47,214.54
ORD-1425,2025-07-09,South,Office Supplies,Labels,624.98,276.8
ORD-1426,2025-06-28,East,Furniture,Furnishings,1044.4,167.74
ORD-1427,2024-11-19,West,Office Supplies,Fasteners,774.86,263.08
ORD-1428,2025-06-28,West,Technology,Phones,3594.97,816.32
ORD-1429,2024-11-12,East,Furniture,Bookcases,1135.52,268.23
ORD-1430,2025-03-28,West,Office Supplies,Art,1007.3,424.45
ORD-1431,2025-02-17,South,Office Supplies,Labels,619.49,206.63
ORD-1432,2024-10-24,Central,Office Supplies,Fasteners,1005.13,448.24
ORD-1433,2024-12-01,West,Technology,Phones,3456.89,932.18
ORD-1434,2025-07-11,South,Office Supplies,Art,315.64,140.36
ORD-1435,2025-06-25,South,Office Supplies,Art,573.99,179.58
ORD-1436,2025-10-02,East,Furniture,Furnishings,2233.5,508.51
ORD-1437,2025-07-16,West,Furniture,Furnishings,2752.3,366.28
ORD-1438,2025-03-15,West,Furniture,Bookcases,1678.0,364.71
ORD-1439,2025-07-09,Central,Office Supplies,Storage,608.7,209.55
ORD-1440,2025-07-01,West,Furniture,Furnishings,2504.38,335.15
ORD-1441,2025-06-08,West,Technology,Computers,3431.15,750.12
ORD-1442,2025-06-07,West,Technology,Accessories,2905.99,776.34
ORD-1443,2025-07-24,East,Furniture,Bookcases,2275.78,393.89
ORD-1444,2025-02-22,South,Furniture,Bookcases,1661.02,212.08
ORD-1445,2025-04-28,West,Furniture,Tables,2308.29,445.17
ORD-1446,2025-01-02,East,Office Supplies,Art,181.1,59.1
ORD-1447,2025-04-11,East,Office Supplies,Labels,122.32,40.92
ORD-1448,2025-07-11,East,Office Supplies,Art,889.72,245.11
ORD-1449,2024-12-25,South,Technology,Computers,3147.6,1015.76
ORD-1450,2025-03-25,South,Technology,Phones,1261.88,405.06
ORD-1451,2025-07-05,South,Office Supplies,Fasteners,568.88,203.74
ORD-1452,2025-07-16,West,Furniture,Furnishings,1201.75,273.02
ORD-1453,2025-08-08,West,Technology,Computers,3065.38,576.86
ORD-1454,2024-12-10,South,Office Supplies,Storage,388.81,123.67
ORD-1455,2025-01-31,West,Technology,Copiers,1142.73,360.05
ORD-1456,2025-03-10,East,Technology,Copiers,2843.84,789.08
ORD-1457,2025-03-01,West,Furniture,Bookcases,1786.75,385.73
ORD-1458,2025-04-22,South,Technology,Phones,661.72,226.63
ORD-1459,2024-10-11,East,Technology,Copiers,2080.71,528.25
ORD-1460,2024-11-19,West,Technology,Computers,1659.95,346.93
ORD-1461,2024-10-24,Central,Furniture,Chairs,2150.99,447.27
ORD-1462,2025-09-16,West,Office Supplies,Fasteners,520.49,198.02
ORD-1463,2025-04-15,West,Technology,Accessories,3847.48,868.47
ORD-1464,2025-06-22,South,Office Supplies,Storage,51.02,18.92
ORD-1465,2025-07-13,West,Office Supplies,Storage,482.77,166.36
ORD-1466,2025-09-23,West,Technology,Copiers,1562.22,336.17
ORD-1467,2025-02-21,East,Furniture,Tables,376.18,85.89
ORD-1468,2025-09-21,East,Furniture,Chairs,1792.28,334.52
ORD-1469,2025-10-01,West,Furniture,Chairs,3816.0,599.08
ORD-1470,2024-10-20,West,Technology,Accessories,3218.72,1057.73
ORD-1471,2025-04-13,Central,Technology,Accessories,745.85,169.09
ORD-1472,2024-10-04,East,Technology,Copiers,4356.09,1280.95
ORD-1473,2025-01-20,Central,Furniture,Chairs,1353.99,330.41
ORD-1474,2024-10-11,South,Office Supplies,Labels,811.59,337.55
ORD-1475,2025-03-29,Central,Office Supplies,Art,98.37,32.14
ORD-1476,2025-02-07,Central,Furniture,Bookcases,1160.57,222.19
ORD-1477,2025-01-24,West,Office Supplies,Labels,308.59,135.27
ORD-1478,2025-07-15,Central,Office Supplies,Labels,434.75,109.57
ORD-1479,2025-05-01,West,Furniture,Chairs,831.36,118.34
ORD-1480,2025-03-07,Central,Furniture,Tables,1911.46,475.69
ORD-1481,2025-06-18,West,Office Supplies,Fasteners,325.17,112.9
ORD-1482,2025-07-31,East,Furniture,Chairs,2389.3,353.82
ORD-1483,2025-07-09,South,Office Supplies,Fasteners,322.17,135.43
ORD-1484,2025-01-10,West,Furniture,Chairs,2283.67,449.28
ORD-1485,2025-10-02,South,Technology,Accessories,3701.47,1243.06
ORD-1486,2024-12-05,West,Technology,Copiers,966.01,234.65
ORD-1487,2025-01-29,Central,Furniture,Furnishings,809.29,114.67
ORD-1488,2024-10-10,West,Furniture,Chairs,4336.36,711.9
ORD-1489,2025-04-23,Central,Technology,Accessories,1318.22,414.7
ORD-1490,2025-08-04,West,Furniture,Furnishings,1432.74,212.51
ORD-1491,2025-04-25,East,Technology,Copiers,1056.16,364.63
ORD-1492,2025-09-12,East,Technology,Phones,1679.59,313.46
ORD-1493,2025-10-01,East,Office Supplies,Labels,61.53,24.69
ORD-1494,2025-06-05,West,Furniture,Tables,722.16,176.4
ORD-1495,2025-09-25,East,Office Supplies,Fasteners,915.39,328.69
ORD-1496,2025-07-15,West,Technology,Computers,1915.82,470.4
ORD-1497,2025-07-08,East,Furniture,Chairs,1745.89,332.46
ORD-1498,2025-09-10,West,Technology,Accessories,1807.6,579.44
ORD-1499,2025-01-20,West,Furniture,Chairs,1095.52,169.95
ORD-1500,2025-07-30,South,Technology,Phones,1951.17,397.38
ORD-1501,2025-01-22,South,Technology,Phones,2387.7,787.11
ORD-1502,2025-01-15,East,Office Supplies,Labels,162.86,53.59
ORD-1503,2025-07-14,South,Furniture,Furnishings,2295.27,314.93
ORD-1504,2025-01-02,South,Technology,Computers,1466.77,480.95
ORD-1505,2025-03-01,Central,Technology,Copiers,579.92,171.5
ORD-1506,2024-11-18,West,Office Supplies,Storage,1383.76,487.89
ORD-1507,2025-01-19,East,Office Supplies,Labels,235.44,82.0
ORD-1508,2024-12-17,West,Technology,Accessories,3666.19,1232.52
ORD-1509,2025-06-02,Central,Furniture,Tables,1172.84,208.35
ORD-1510,2025-03-27,Central,Technology,Phones,1522.09,531.73
ORD-1511,2025-08-27,South,Furniture,Chairs,2163.33,510.77
ORD-1512,2025-02-27,East,Technology,Accessories,530.82,183.22
ORD-1513,2025-04-10,South,Office Supplies,Fasteners,744.82,190.76
ORD-1514,2025-08-22,Central,Office Supplies,Fasteners,228.18,73.41
ORD-1515,2025-04-15,East,Technology,Copiers,2094.66,659.56
ORD-1516,2025-03-15,South,Office Supplies,Storage,90.05,22.56
ORD-1517,2024-12-09,Central,Furniture,Chairs,2430.6,336.81
ORD-1518,2025-05-23,South,Furniture,Bookcases,2245.73,473.86
ORD-1519,2025-04-12,West,Furniture,Tables,612.08,105.88
ORD-1520,2025-09-26,East,Technology,Computers,2898.68,988.76
ORD-1521,2025-07-20,West,Technology,Accessories,3474.07,1027.97
ORD-1522,2025-02-25,East,Office Supplies,Fasteners,525.81,136.73
ORD-1523,2024-10-16,Central,Technology,Copiers,3349.71,831.47
ORD-1524,2025-05-06,South,Office Supplies,Labels,726.77,228.42
ORD-1525,2024-11-25,South,Furniture,Chairs,1095.36,136.24
ORD-1526,2024-11-25,East,Furniture,Tables,1148.34,245.25
ORD-1527,2024-11-04,East,Office Supplies,Fasteners,816.8,215.93
ORD-1528,2025-03-12,East,Office Supplies,Fasteners,233.48,72.53
ORD-1529,2025-09-03,East,Technology,Copiers,985.77,307.37
ORD-1530,2024-10-15,East,Office Supplies,Art,200.26,75.28
ORD-1531,2024-12-17,West,Furniture,Bookcases,957.4,138.42
ORD-1532,2025-09-17,West,Office Supplies,Art,934.27,342.55
ORD-1533,2025-06-24,West,Furniture,Furnishings,2508.99,404.24
ORD-1534,2025-02-19,South,Technology,Accessories,1529.97,500.78
ORD-1535,2025-01-11,South,Technology,Phones,1244.77,303.9
ORD-1536,2024-11-28,South,Furniture,Chairs,2536.02,467.12
ORD-1537,2025-08-15,Central,Technology,Computers,763.01,170.32
ORD-1538,2025-05-26,Central,Furniture,Furnishings,1776.85,432.84
ORD-1539,2025-07-11,West,Furniture,Furnishings,2626.02,535.02
ORD-1540,2025-07-28,West,Office Supplies,Fasteners,416.51,176.25
ORD-1541,2025-09-23,East,Office Supplies,Fasteners,353.73,114.6
ORD-1542,2024-10-16,East,Furniture,Furnishings,3494.93,515.71
ORD-1543,2025-08-28,South,Office Supplies,Fasteners,525.22,214.94
ORD-1544,2025-09-11,Central,Office Supplies,Storage,113.89,43.32
ORD-1545,2025-07-04,Central,Office Supplies,Fasteners,54.64,21.12
ORD-1546,2025-08-09,West,Furniture,Furnishings,513.0,106.03
ORD-1547,2024-11-21,West,Office Supplies,Storage,416.27,173.63
ORD-1548,2024-11-18,West,Office Supplies,Fasteners,1226.4,480.6
ORD-1549,2025-02-18,West,Technology,Accessories,1378.63,460.51
ORD-1550,2024-10-27,Central,Furniture,Furnishings,493.47,84.73
ORD-1551,2025-08-20,East,Technology,Phones,2073.73,717.35
ORD-1552,2025-07-13,East,Office Supplies,Labels,366.17,118.47
ORD-1553,2025-02-14,East,Furniture,Chairs,1840.84,344.85
ORD-1554,2025-06-04,Central,Technology,Phones,1904.53,658.23
ORD-1555,2025-01-22,Central,Technology,Copiers,1769.76,553.34
ORD-1556,2024-11-17,East,Technology,Phones,1723.65,382.52
ORD-1557,2025-04-26,Central,Technology,Copiers,580.15,198.89
ORD-1558,2025-01-30,South,Office Supplies,Labels,616.77,163.52
ORD-1559,2025-05-24,West,Office Supplies,Fasteners,654.41,280.88
ORD-1560,2024-10-28,South,Furniture,Bookcases,872.65,196.73
ORD-1561,2025-09-28,South,Technology,Copiers,2107.05,669.36
ORD-1562,2025-03-27,South,Office Supplies,Fasteners,440.27,115.41
ORD-1563,2025-03-26,West,Furniture,Tables,412.43,83.32
ORD-1564,2025-06-08,West,Office Supplies,Art,563.07,168.01
ORD-1565,2024-12-03,South,Office Supplies,Storage,706.03,307.64
ORD-1566,2025-05-01,East,Office Supplies,Storage,434.36,157.32
ORD-1567,2024-10-09,East,Furniture,Bookcases,2871.54,395.73
ORD-1568,2025-08-30,South,Technology,Accessories,1104.94,379.33
ORD-1569,2025-07-02,Central,Technology,Computers,1625.71,353.19
ORD-1570,2025-09-25,East,Technology,Accessories,785.11,224.38
ORD-1571,2025-03-06,West,Technology,Phones,3600.67,1225.77
ORD-1572,2025-01-18,East,Office Supplies,Art,561.85,158.63
ORD-1573,2024-10-11,South,Technology,Computers,2942.15,863.0
ORD-1574,2025-04-08,South,Office Supplies,Art,687.06,254.63
ORD-1575,2024-12-16,South,Office Supplies,Labels,720.73,212.19
ORD-1576,2025-06-12,West,Technology,Copiers,3276.9,731.24
ORD-1577,2025-03-07,West,Technology,Copiers,2802.91,560.99
ORD-1578,2025-06-25,West,Technology,Accessories,3753.25,991.21
ORD-1579,2024-12-31,Central,Furniture,Bookcases,1465.89,319.64
ORD-1580,2025-03-15,West,Technology,Accessories,1545.53,441.63
ORD-1581,2025-03-25,West,Furniture,Bookcases,1578.63,363.31
ORD-1582,2025-06-17,West,Furniture,Furnishings,681.16,126.54
ORD-1583,2025-04-24,Central,Furniture,Tables,2163.51,301.3
ORD-1584,2025-05-28,West,Furniture,Furnishings,1638.72,320.22
ORD-1585,2025-01-10,East,Technology,Accessories,790.77,200.16
ORD-1586,2025-08-26,South,Furniture,Chairs,1978.84,449.22
ORD-1587,2024-12-26,East,Furniture,Chairs,1387.3,219.8
ORD-1588,2025-01-23,South,Office Supplies,Storage,243.36,75.21
ORD-1589,2025-04-16,West,Technology,Copiers,804.83,244.31
ORD-1590,2024-10-27,East,Technology,Computers,4330.43,1176.34
ORD-1591,2025-06-08,West,Furniture,Chairs,1510.62,288.64
ORD-1592,2025-03-21,West,Furniture,Furnishings,1884.38,239.51
ORD-1593,2025-02-18,West,Technology,Computers,546.24,138.95
ORD-1594,2025-03-31,West,Office Supplies,Labels,698.33,278.2
ORD-1595,2025-09-11,Central,Office Supplies,Art,592.25,178.01
ORD-1596,2025-04-27,West,Technology,Accessories,3271.75,1136.69
ORD-1597,2024-10-25,East,Furniture,Furnishings,2824.31,367.72
ORD-1598,2025-07-17,Central,Technology,Computers,2206.42,616.12
ORD-1599,2025-02-19,Central,Office Supplies,Storage,217.54,95.68
ORD-1600,2025-01-22,Central,Furniture,Chairs,378.39,70.68
ORD-1601,2025-05-08,West,Furniture,Chairs,1673.61,235.43
ORD-1602,2025-07-01,Central,Technology,Computers,2522.24,751.83
ORD-1603,2025-03-19,South,Furniture,Chairs,367.89,46.63
ORD-1604,2024-12-15,East,Office Supplies,Fasteners,1261.03,531.28
ORD-1605,2024-12-05,Central,Technology,Phones,3613.34,955.24
ORD-1606,2025-07-01,East,Office Supplies,Storage,45.6,19.05
ORD-1607,2024-12-20,Central,Office Supplies,Art,455.33,135.23
ORD-1608,2025-08-14,East,Office Supplies,Storage,502.26,179.88
ORD-1609,2025-04-14,East,Office Supplies,Fasteners,183.79,75.35
ORD-1610,2025-02-27,East,Technology,Accessories,2450.18,506.54
ORD-1611,2025-03-03,East,Office Supplies,Labels,472.86,124.92
ORD-1612,2025-04-27,Central,Technology,Computers,2323.87,776.25
ORD-1613,2025-05-01,West,Furniture,Chairs,446.62,76.28
ORD-1614,2025-07-13,East,Office Supplies,Storage,409.19,174.15
ORD-1615,2024-12-11,West,Technology,Phones,2210.2,560.44
ORD-1616,2024-10-22,Central,Technology,Computers,1277.01,312.67
ORD-1617,2025-07-19,Central,Office Supplies,Labels,461.86,133.85
ORD-1618,2025-02-08,Central,Furniture,Furnishings,653.69,115.16
ORD-1619,2024-11-29,West,Office Supplies,Storage,1423.5,385.23
ORD-1620,2024-11-30,West,Office Supplies,Storage,1083.9,423.71
ORD-1621,2025-05-10,East,Technology,Accessories,2315.76,620.29
ORD-1622,2025-07-21,West,Office Supplies,Art,1008.1,373.73
ORD-1623,2025-07-25,West,Technology,Computers,872.09,220.78
ORD-1624,2025-02-28,Central,Technology,Accessories,1356.08,392.01
ORD-1625,2025-08-22,East,Technology,Computers,1870.72,550.46
ORD-1626,2025-08-25,East,Technology,Copiers,580.8,121.73
ORD-1627,2024-12-25,West,Office Supplies,Storage,1377.55,547.31
ORD-1628,2024-11-20,West,Office Supplies,Fasteners,1031.74,398.27
ORD-1629,2025-07-14,Central,Furniture,Furnishings,2123.81,404.5
ORD-1630,2024-12-25,South,Furniture,Chairs,2321.13,501.65
ORD-1631,2025-06-22,South,Furniture,Tables,318.3,56.14
ORD-1632,2025-06-04,Central,Technology,Phones,1426.55,319.52
ORD-1633,2025-01-04,East,Technology,Computers,2751.4,602.45
ORD-1634,2024-11-15,Central,Office Supplies,Art,726.97,195.03
ORD-1635,2025-06-05,South,Technology,Copiers,1120.94,242.63
ORD-1636,2024-12-11,West,Office Supplies,Fasteners,540.16,180.93
ORD-1637,2025-08-17,Central,Technology,Copiers,632.59,216.19
ORD-1638,2025-02-18,South,Technology,Accessories,1387.0,316.46
ORD-1639,2025-03-26,East,Office Supplies,Storage,250.26,112.0
ORD-1640,2025-06-24,West,Office Supplies,Storage,959.66,352.09
ORD-1641,2025-09-13,East,Furniture,Tables,2520.35,313.91
ORD-1642,2025-04-08,East,Furniture,Tables,973.41,206.08
ORD-1643,2025-03-20,East,Technology,Phones,2828.96,710.91
ORD-1644,2024-12-05,West,Technology,Computers,1009.71,233.42
ORD-1645,2025-06-16,East,Technology,Computers,656.39,141.59
ORD-1646,2025-02-09,Central,Office Supplies,Art,382.35,115.49
ORD-1647,2024-11-10,West,Furniture,Chairs,3695.24,896.2
ORD-1648,2025-06-02,South,Furniture,Bookcases,1807.3,242.82
ORD-1649,2024-12-11,West,Technology,Copiers,3427.88,765.55
ORD-1650,2024-12-03,East,Furniture,Chairs,1573.21,375.67
ORD-1651,2025-09-20,South,Office Supplies,Art,311.35,94.74
ORD-1652,2025-09-04,South,Furniture,Chairs,1164.01,223.42
ORD-1653,2024-11-07,East,Furniture,Tables,3297.07,774.71
ORD-1654,2024-12-18,South,Technology,Computers,2237.24,634.91
ORD-1655,2025-07-15,East,Technology,Phones,2650.55,650.49
ORD-1656,2025-01-23,West,Furniture,Bookcases,316.56,67.56
ORD-1657,2025-02-14,South,Office Supplies,Art,353.81,112.88
ORD-1658,2025-02-06,West,Office Supplies,Labels,216.73,69.54
ORD-1659,2025-01-26,West,Furniture,Tables,1702.54,258.61
ORD-1660,2025-06-07,West,Technology,Accessories,1740.94,535.16
ORD-1661,2025-03-04,Central,Furniture,Chairs,1093.23,192.15
ORD-1662,2024-10-22,Central,Technology,Computers,1170.84,310.29
ORD-1663,2025-02-21,South,Office Supplies,Storage,348.28,95.11
ORD-1664,2025-06-05,West,Furniture,Bookcases,798.53,167.67
ORD-1665,2024-12-13,West,Office Supplies,Storage,1000.16,404.66
ORD-1666,2025-01-14,East,Furniture,Tables,1880.54,242.54
ORD-1667,2025-06-13,East,Furniture,Chairs,906.41,192.98
ORD-1668,2025-02-24,West,Furniture,Furnishings,2034.04,367.06
ORD-1669,2024-12-28,South,Technology,Copiers,1867.7,587.51
ORD-1670,2025-04-27,East,Technology,Computers,1738.13,455.98
ORD-1671,2025-02-19,West,Office Supplies,Storage,672.63,289.47
ORD-1672,2024-11-20,West,Office Supplies,Art,589.2,211.14
ORD-1673,2025-07-22,South,Furniture,Chairs,463.03,78.16
ORD-1674,2024-11-17,South,Furniture,Bookcases,551.94,98.26
ORD-1675,2024-10-06,East,Technology,Accessories,2292.54,593.58
ORD-1676,2025-08-30,Central,Technology,Copiers,468.82,101.74
ORD-1677,2024-12-04,South,Furniture,Furnishings,2366.53,313.32
ORD-1678,2025-04-28,West,Furniture,Tables,1957.37,367.48
ORD-1679,2025-08-17,South,Office Supplies,Fasteners,129.45,49.74
ORD-1680,2025-04-13,Central,Technology,Accessories,1940.59,463.77
ORD-1681,2025-05-06,Central,Furniture,Furnishings,1803.12,416.22
ORD-1682,2025-06-05,Central,Office Supplies,Fasteners,350.69,137.92
ORD-1683,2024-11-26,East,Technology,Phones,1777.04,384.79
ORD-1684,2025-01-05,South,Office Supplies,Fasteners,481.35,174.05
ORD-1685,2025-05-09,Central,Technology,Computers,1464.25,502.16
ORD-1686,2024-12-04,Central,Technology,Accessories,3588.07,1034.02
ORD-1687,2025-02-09,East,Furniture,Tables,839.6,172.21
ORD-1688,2025-07-08,West,Furniture,Bookcases,2739.91,493.18
ORD-1689,2025-08-25,South,Office Supplies,Storage,603.31,169.0
ORD-1690,2025-06-17,East,Office Supplies,Art,395.47,169.14
ORD-1691,2024-12-21,East,Office Supplies,Art,1016.46,341.32
ORD-1692,2025-04-08,East,Technology,Phones,1829.71,536.75
ORD-1693,2025-06-18,Central,Furniture,Tables,1669.54,410.28
ORD-1694,2024-10-30,South,Technology,Phones,3318.64,1052.45
ORD-1695,2025-10-03,East,Technology,Accessories,2028.72,474.88
ORD-1696,2025-07-21,West,Technology,Phones,3197.15,883.21
ORD-1697,2025-08-03,East,Office Supplies,Art,38.38,16.63
ORD-1698,2025-09-24,West,Technology,Copiers,2663.46,734.52
ORD-1699,2025-04-29,East,Furniture,Tables,1333.2,172.0
ORD-1700,2024-11-01,Central,Technology,Computers,2858.3,703.63
ORD-1701,2025-07-06,East,Technology,Copiers,1664.99,404.85
ORD-1702,2024-10-31,East,Technology,Phones,4812.42,1668.9
ORD-1703,2025-06-06,South,Office Supplies,Storage,413.12,181.71
ORD-1704,2025-04-10,Central,Technology,Computers,1289.53,438.55
ORD-1705,2025-07-07,Central,Technology,Phones,1899.58,656.54
ORD-1706,2025-04-03,West,Technology,Phones,2716.81,765.82
ORD-1707,2025-02-23,West,Office Supplies,Art,491.07,167.25
ORD-1708,2025-02-22,West,Office Supplies,Fasteners,41.05,11.67
ORD-1709,2025-04-28,South,Office Supplies,Fasteners,769.52,274.86
ORD-1710,2025-04-05,South,Furniture,Chairs,1585.9,362.21
ORD-1711,2025-08-21,South,Office Supplies,Labels,482.42,154.85
ORD-1712,2025-03-02,Central,Furniture,Furnishings,726.97,173.77
ORD-1713,2025-09-08,South,Office Supplies,Art,485.49,170.07
ORD-1714,2025-05-30,Central,Technology,Phones,2250.17,743.41
ORD-1715,2024-12-15,South,Furniture,Tables,2548.93,505.7
ORD-1716,2025-08-12,East,Technology,Phones,754.38,178.79
ORD-1717,2025-05-22,East,Furniture,Chairs,2501.94,605.31
ORD-1718,2024-10-14,South,Technology,Copiers,1288.41,335.94
ORD-1719,2024-11-22,West,Office Supplies,Fasteners,274.17,76.62
ORD-1720,2025-07-23,Central,Technology,Copiers,916.36,263.18
ORD-1721,2025-01-04,West,Office Supplies,Labels,317.37,101.79
ORD-1722,2024-10-16,West,Furniture,Tables,3785.33,526.54
ORD-1723,2025-03-18,South,Technology,Copiers,706.84,185.46
ORD-1724,2024-10-14,East,Office Supplies,Storage,633.1,257.11
ORD-1725,2025-02-08,West,Technology,Copiers,1231.47,323.79
ORD-1726,2025-02-25,East,Technology,Accessories,1370.13,413.21
ORD-1727,2025-04-02,East,Furniture,Tables,2179.27,424.21
ORD-1728,2025-01-17,East,Technology,Accessories,2392.25,833.0
ORD-1729,2024-11-12,East,Technology,Phones,2774.8,849.31
ORD-1730,2025-08-31,East,Technology,Copiers,1614.04,526.44
ORD-1731,2024-10-21,West,Technology,Copiers,2803.46,749.52
ORD-1732,2025-10-03,South,Furniture,Tables,2168.6,423.55
ORD-1733,2025-09-14,South,Office Supplies,Fasteners,776.78,339.04
ORD-1734,2025-09-01,Central,Office Supplies,Labels,418.76,120.21
ORD-1735,2025-05-13,South,Technology,Phones,1516.39,505.78
ORD-1736,2025-01-07,South,Technology,Copiers,1142.34,358.19
ORD-1737,2024-11-04,South,Technology,Copiers,1004.56,275.91
ORD-1738,2025-07-17,East,Furniture,Tables,2845.96,350.85
ORD-1739,2025-07-17,West,Office Supplies,Fasteners,279.16,84.49
ORD-1740,2024-10-16,Central,Office Supplies,Art,77.79,25.31
ORD-1741,2025-09-05,West,Furniture,Chairs,1394.49,184.34
ORD-1742,2024-11-30,West,Technology,Phones,5208.23,1477.52
ORD-1743,2025-08-14,West,Technology,Phones,2171.22,562.94
ORD-1744,2025-04-10,West,Office Supplies,Art,462.01,170.66
ORD-1745,2025-09-27,South,Office Supplies,Storage,572.34,197.53
ORD-1746,2025-03-23,West,Furniture,Furnishings,1363.58,254.14
ORD-1747,2025-01-27,Central,Office Supplies,Fasteners,295.92,76.95
ORD-1748,2025-04-01,West,Furniture,Furnishings,3045.18,759.87
ORD-1749,2024-11-16,West,Office Supplies,Fasteners,373.52,97.09
ORD-1750,2025-05-28,West,Furniture,Furnishings,1193.8,170.18
ORD-1751,2025-08-20,Central,Office Supplies,Art,56.98,20.72
ORD-1752,2025-09-19,South,Office Supplies,Storage,688.06,286.93
ORD-1753,2024-11-28,East,Office Supplies,Art,56.26,23.37
ORD-1754,2025-08-09,West,Furniture,Bookcases,1587.15,250.81
ORD-1755,2025-03-01,South,Technology,Copiers,2833.01,637.81
ORD-1756,2025-07-03,Central,Office Supplies,Fasteners,613.37,269.54
ORD-1757,2025-06-04,Central,Office Supplies,Storage,215.69,95.48
ORD-1758,2025-08-07,Central,Furniture,Chairs,956.83,169.01
ORD-1759,2024-12-25,East,Technology,Computers,1122.73,286.61
ORD-1760,2025-05-01,South,Furniture,Bookcases,2466.66,597.1
ORD-1761,2025-02-17,West,Technology,Copiers,1407.71,360.78
ORD-1762,2025-07-20,West,Office Supplies,Art,697.18,279.04
ORD-1763,2025-09-28,East,Technology,Copiers,2925.05,902.96
ORD-1764,2025-01-24,West,Furniture,Chairs,882.76,188.23
ORD-1765,2025-09-19,East,Technology,Copiers,1477.4,439.5
ORD-1766,2025-02-09,East,Office Supplies,Art,693.1,256.97
ORD-1767,2025-09-08,South,Office Supplies,Storage,593.24,211.37
ORD-1768,2025-07-24,Central,Office Supplies,Art,114.24,45.33
ORD-1769,2024-10-28,West,Furniture,Tables,2734.97,649.05
ORD-1770,2025-01-23,West,Technology,Copiers,2031.68,402.26
ORD-1771,2025-05-18,East,Technology,Copiers,3157.86,782.89
ORD-1772,2025-09-13,South,Technology,Accessories,2502.45,494.88
ORD-1773,2025-05-28,West,Furniture,Furnishings,653.6,128.15
ORD-1774,2025-04-18,West,Office Supplies,Storage,735.5,274.63
ORD-1775,2025-06-27,East,Technology,Computers,2844.79,873.88
ORD-1776,2025-05-11,South,Furniture,Bookcases,2433.39,428.42
ORD-1777,2025-03-14,West,Furniture,Furnishings,1887.46,280.05
ORD-1778,2025-01-12,Central,Furniture,Chairs,1130.97,188.53
ORD-1779,2025-09-03,South,Office Supplies,Labels,293.64,94.7
ORD-1780,2025-03-27,West,Office Supplies,Art,184.22,76.8
ORD-1781,2024-12-20,South,Technology,Computers,1339.35,272.87
ORD-1782,2025-02-23,South,Technology,Phones,1318.25,305.25
ORD-1783,2025-03-15,West,Furniture,Tables,608.99,106.39
ORD-1784,2024-10-29,South,Office Supplies,Fasteners,300.75,114.54
ORD-1785,2025-06-02,South,Furniture,Chairs,1872.46,241.36
ORD-1786,2024-11-16,West,Technology,Accessories,5180.09,1515.19
ORD-1787,2025-09-05,Central,Technology,Copiers,2565.41,482.18
ORD-1788,2025-08-16,East,Technology,Accessories,3341.5,853.75
ORD-1789,2025-03-16,East,Office Supplies,Fasteners,613.37,161.94
ORD-1790,2025-05-30,West,Technology,Copiers,3338.73,624.76
ORD-1791,2025-09-14,West,Furniture,Tables,1983.14,297.63
ORD-1792,2025-07-10,South,Technology,Phones,1282.63,413.27
ORD-1793,2024-12-13,South,Technology,Accessories,2923.95,839.38
ORD-1794,2025-07-16,Central,Office Supplies,Art,493.56,165.68
ORD-1795,2024-12-02,East,Office Supplies,Storage,858.59,216.03
ORD-1796,2025-02-02,West,Furniture,Bookcases,1457.09,257.02
ORD-1797,2025-07-01,East,Furniture,Chairs,2626.01,388.59
ORD-1798,2025-08-22,South,Technology,Phones,2241.74,527.12
ORD-1799,2025-09-05,Central,Furniture,Furnishings,1598.76,359.25
ORD-1800,2024-10-25,West,Office Supplies,Fasteners,915.62,312.12
ORD-1801,2024-10-06,South,Technology,Computers,3108.16,623.08
ORD-1802,2025-05-24,West,Office Supplies,Labels,925.54,309.1
ORD-1803,2025-06-16,South,Furniture,Furnishings,587.1,113.61
ORD-1804,2024-10-28,South,Office Supplies,Storage,781.92,248.74
ORD-1805,2025-02-07,West,Office Supplies,Labels,509.51,143.99
ORD-1806,2025-01-10,West,Furniture,Chairs,2481.6,396.06
ORD-1807,2025-04-30,West,Office Supplies,Fasteners,62.43,27.18
ORD-1808,2025-08-30,East,Technology,Computers,3041.62,925.56
ORD-1809,2025-02-24,West,Technology,Accessories,1164.47,347.72
ORD-1810,2025-04-09,East,Technology,Computers,2139.57,485.23
ORD-1811,2025-07-13,East,Technology,Accessories,1652.33,451.87
ORD-1812,2024-10-15,East,Technology,Phones,1697.67,397.23
ORD-1813,2025-07-22,South,Furniture,Tables,509.79,91.0
ORD-1814,2025-09-17,Central,Furniture,Tables,823.9,134.43
ORD-1815,2024-12-13,West,Furniture,Chairs,3459.03,632.9
ORD-1816,2025-07-05,West,Furniture,Furnishings,1237.68,295.07
ORD-1817,2025-07-15,West,Office Supplies,Labels,392.13,130.07
ORD-1818,2025-07-02,West,Office Supplies,Fasteners,619.03,196.54
ORD-1819,2024-11-06,West,Office Supplies,Art,405.25,173.13
ORD-1820,2025-08-28,West,Technology,Computers,1431.73,421.36
ORD-1821,2025-02-28,Central,Office Supplies,Art,39.84,15.19
ORD-1822,2024-12-17,East,Office Supplies,Fasteners,372.07,99.06
ORD-1823,2025-07-28,East,Technology,Accessories,912.18,190.41
ORD-1824,2025-03-11,Central,Furniture,Chairs,1984.88,312.87
ORD-1825,2025-04-02,Central,Technology,Copiers,1454.49,414.81
ORD-1826,2025-07-03,East,Office Supplies,Labels,861.19,333.98
ORD-1827,2025-02-09,West,Furniture,Furnishings,1692.1,318.23
ORD-1828,2025-01-06,East,Technology,Copiers,908.52,264.25
ORD-1829,2025-04-02,Central,Office Supplies,Art,625.62,169.27
ORD-1830,2025-07-26,West,Technology,Phones,1089.01,224.12
ORD-1831,2025-07-13,Central,Office Supplies,Storage,497.14,181.49
ORD-1832,2024-11-02,East,Furniture,Furnishings,1284.46,269.74
ORD-1833,2025-07-26,East,Furniture,Tables,898.35,114.8
ORD-1834,2025-04-29,West,Furniture,Furnishings,2395.96,322.85
ORD-1835,2025-09-04,East,Office Supplies,Storage,856.19,270.89
ORD-1836,2024-12-18,West,Office Supplies,Fasteners,1181.67,494.42
ORD-1837,2024-11-11,Central,Furniture,Bookcases,1897.46,270.78
ORD-1838,2025-03-11,South,Office Supplies,Storage,648.66,238.97
ORD-1839,2025-09-08,East,Furniture,Tables,1728.14,396.05
ORD-1840,2025-05-07,East,Office Supplies,Fasteners,158.17,66.48
ORD-1841,2025-03-25,West,Office Supplies,Labels,733.6,315.49
ORD-1842,2025-05-08,East,Furniture,Furnishings,1899.65,371.49
ORD-1843,2025-03-03,West,Technology,Copiers,1358.15,397.27
ORD-1844,2025-01-15,West,Technology,Accessories,630.42,186.85
ORD-1845,2025-09-05,Central,Office Supplies,Storage,258.6,71.61
ORD-1846,2024-11-16,South,Office Supplies,Labels,572.88,179.68
ORD-1847,2025-07-13,East,Technology,Computers,914.88,164.68
ORD-1848,2025-07-17,East,Technology,Computers,612.08,166.39
ORD-1849,2025-06-11,South,Furniture,Chairs,1516.85,342.19
ORD-1850,2025-01-06,East,Furniture,Chairs,1062.78,160.73
ORD-1851,2025-06-07,East,Technology,Copiers,1083.58,376.92
ORD-1852,2025-09-12,East,Office Supplies,Art,82.03,35.13
ORD-1853,2025-04-14,East,Furniture,Bookcases,1150.31,211.17
ORD-1854,2025-09-08,Central,Furniture,Furnishings,533.76,107.93
ORD-1855,2025-03-15,Central,Furniture,Furnishings,1761.87,411.35
ORD-1856,2025-07-05,Central,Furniture,Bookcases,639.55,78.88
ORD-1857,2024-12-28,East,Technology,Phones,4010.95,880.53
ORD-1858,2025-04-21,South,Technology,Computers,1245.19,282.95
ORD-1859,2025-02-17,West,Technology,Copiers,794.26,222.03
ORD-1860,2025-06-27,Central,Technology,Accessories,543.55,143.87
ORD-1861,2025-05-21,Central,Furniture,Bookcases,1873.65,366.87
ORD-1862,2025-06-23,Central,Furniture,Furnishings,646.07,136.47
ORD-1863,2025-02-20,East,Furniture,Chairs,318.37,51.27
ORD-1864,2025-06-29,Central,Office Supplies,Art,250.61,96.52
ORD-1865,2024-12-17,South,Technology,Computers,1775.34,431.24
ORD-1866,2025-05-06,South,Office Supplies,Fasteners,472.19,150.69
ORD-1867,2024-11-26,East,Furniture,Furnishings,1071.16,137.05
ORD-1868,2025-09-16,South,Office Supplies,Art,754.02,320.1
ORD-1869,2025-01-21,South,Technology,Computers,1174.55,343.14
ORD-1870,2024-12-06,East,Office Supplies,Art,604.07,201.15
ORD-1871,2024-10-10,Central,Office Supplies,Storage,174.03,60.12
ORD-1872,2025-08-05,East,Furniture,Chairs,756.22,157.17
ORD-1873,2024-10-07,Central,Technology,Computers,814.48,223.09
ORD-1874,2025-03-30,South,Technology,Copiers,1363.7,431.63
ORD-1875,2025-06-04,West,Technology,Copiers,3601.06,890.81
ORD-1876,2024-10-19,East,Technology,Accessories,2300.47,654.37
ORD-1877,2024-11-11,South,Office Supplies,Fasteners,668.59,277.93
ORD-1878,2025-03-10,East,Office Supplies,Fasteners,844.46,271.88
ORD-1879,2025-01-01,West,Technology,Phones,843.3,277.25
ORD-1880,2024-12-29,East,Office Supplies,Art,789.87,324.11
ORD-1881,2024-10-22,East,Technology,Computers,4572.15,1345.5
ORD-1882,2024-11-05,West,Office Supplies,Art,67.73,30.24
ORD-1883,2025-08-31,South,Furniture,Bookcases,590.8,104.68
ORD-1884,2025-04-01,West,Office Supplies,Art,633.85,272.86
ORD-1885,2025-05-27,Central,Office Supplies,Storage,604.43,174.91
ORD-1886,2024-10-14,South,Office Supplies,Fasteners,413.59,169.55
ORD-1887,2024-10-25,West,Technology,Computers,3030.83,775.03
ORD-1888,2024-12-27,East,Technology,Computers,1467.63,367.75
ORD-1889,2025-03-31,Central,Furniture,Tables,635.98,81.24
ORD-1890,2025-05-06,South,Furniture,Furnishings,2141.92,408.23
ORD-1891,2025-07-01,Central,Technology,Accessories,771.66,236.28
ORD-1892,2024-11-01,East,Office Supplies,Fasteners,531.75,187.36
ORD-1893,2025-02-27,South,Technology,Computers,690.65,183.69
ORD-1894,2024-12-27,West,Technology,Copiers,3485.38,1147.62
ORD-1895,2025-08-15,West,Furniture,Chairs,3014.17,666.48
ORD-1896,2025-05-17,West,Furniture,Chairs,1680.41,273.82
ORD-1897,2025-04-29,South,Furniture,Chairs,2361.24,585.41
ORD-1898,2025-04-09,West,Office Supplies,Storage,194.4,50.9
ORD-1899,2025-02-14,Central,Technology,Phones,616.6,151.05
ORD-1900,2025-09-02,West,Technology,Copiers,1202.09,227.7
ORD-1901,2024-11-28,East,Technology,Phones,2477.16,456.0
ORD-1902,2024-12-10,West,Office Supplies,Fasteners,1394.56,515.81
ORD-1903,2025-07-10,East,Office Supplies,Storage,235.52,63.45
ORD-1904,2025-01-29,Central,Office Supplies,Art,344.45,93.85
ORD-1905,2025-03-27,South,Technology,Phones,1201.5,287.75
ORD-1906,2025-04-24,South,Technology,Phones,2218.24,761.91
ORD-1907,2024-11-17,West,Furniture,Chairs,2186.33,540.39
ORD-1908,2025-03-03,West,Technology,Computers,3284.02,743.34
ORD-1909,2025-04-08,East,Technology,Copiers,3065.97,582.95
ORD-1910,2025-01-10,West,Technology,Copiers,1946.33,483.6
ORD-1911,2025-09-11,East,Office Supplies,Fasteners,590.62,238.48
ORD-1912,2025-03-25,West,Technology,Accessories,2508.32,636.58
ORD-1913,2024-12-27,South,Furniture,Tables,1514.75,313.55
ORD-1914,2025-10-01,East,Office Supplies,Storage,777.87,284.01
ORD-1915,2025-05-16,Central,Technology,Accessories,1158.77,252.82
ORD-1916,2024-12-30,Central,Technology,Computers,2120.04,397.22
ORD-1917,2025-09-15,West,Furniture,Chairs,2012.74,449.87
ORD-1918,2025-01-01,East,Furniture,Chairs,1167.65,188.28
ORD-1919,2025-06-06,East,Furniture,Furnishings,1644.68,258.98
ORD-1920,2025-07-27,East,Furniture,Chairs,2203.56,271.29
ORD-1921,2025-02-22,West,Technology,Accessories,2012.01,382.99
ORD-1922,2024-10-22,Central,Furniture,Furnishings,1507.22,283.02
ORD-1923,2025-04-11,Central,Furniture,Chairs,1249.15,169.66
ORD-1924,2025-09-13,East,Furniture,Bookcases,2390.24,476.89
ORD-1925,2025-04-03,South,Furniture,Tables,697.73,108.11
ORD-1926,2025-05-27,South,Office Supplies,Art,360.08,132.8
ORD-1927,2024-10-24,East,Furniture,Furnishings,1111.09,237.77
ORD-1928,2024-10-13,East,Office Supplies,Fasteners,50.55,16.28
ORD-1929,2024-10-18,East,Furniture,Chairs,3311.84,799.01
ORD-1930,2025-07-02,East,Furniture,Furnishings,2133.75,439.84
ORD-1931,2024-12-21,Central,Office Supplies,Storage,940.91,422.84
ORD-1932,2025-08-29,West,Furniture,Furnishings,2216.08,358.04
ORD-1933,2025-06-16,South,Furniture,Bookcases,785.43,108.36
ORD-1934,2025-03-16,East,Furniture,Tables,2651.67,332.09
ORD-1935,2025-04-20,East,Technology,Accessories,3382.61,980.12
ORD-1936,2025-03-03,East,Office Supplies,Labels,818.0,229.26
ORD-1937,2025-07-17,South,Technology,Phones,956.15,329.0
ORD-1938,2025-02-02,East,Office Supplies,Labels,380.4,118.85
ORD-1939,2024-12-24,West,Furniture,Bookcases,2140.72,258.78
ORD-1940,2025-08-17,South,Furniture,Furnishings,2049.13,332.13
ORD-1941,2024-11-07,South,Furniture,Bookcases,3365.38,568.64
ORD-1942,2025-08-04,West,Technology,Computers,1004.29,223.21
ORD-1943,2025-05-11,Central,Technology,Computers,1678.33,566.36
ORD-1944,2024-10-10,South,Office Supplies,Fasteners,188.19,73.03
ORD-1945,2025-05-06,South,Office Supplies,Storage,61.94,23.78
ORD-1946,2025-08-30,East,Technology,Computers,1472.18,465.81
ORD-1947,2025-03-18,West,Technology,Computers,923.83,273.5
ORD-1948,2025-09-27,Central,Technology,Copiers,1101.24,344.85
ORD-1949,2025-08-26,West,Furniture,Chairs,2512.06,522.77
ORD-1950,2025-04-17,Central,Technology,Computers,1141.08,372.16
ORD-1951,2024-10-04,East,Office Supplies,Labels,513.67,145.71
ORD-1952,2025-08-30,Central,Furniture,Tables,1065.55,207.91
ORD-1953,2025-04-08,Central,Technology,Copiers,2314.6,743.04
ORD-1954,2025-03-27,West,Office Supplies,Labels,741.51,322.14
ORD-1955,2025-01-06,South,Technology,Computers,1215.56,401.97
ORD-1956,2025-09-03,West,Technology,Accessories,3453.11,758.38
ORD-1957,2024-12-21,West,Technology,Phones,2267.14,706.98
ORD-1958,2025-09-20,Central,Office Supplies,Fasteners,400.07,178.09
ORD-1959,2024-12-21,East,Furniture,Chairs,2326.77,412.5
ORD-1960,2025-04-13,East,Office Supplies,Art,904.52,271.35
ORD-1961,2025-04-30,East,Furniture,Furnishings,1686.06,304.9
ORD-1962,2025-06-05,South,Furniture,Furnishings,2177.13,451.89
ORD-1963,2025-07-03,West,Technology,Computers,3675.18,1074.39
ORD-1964,2025-09-18,Central,Technology,Phones,1429.34,481.0
ORD-1965,2024-10-19,East,Furniture,Furnishings,2178.57,505.58
ORD-1966,2025-08-21,West,Office Supplies,Fasteners,311.33,129.03
ORD-1967,2025-03-09,West,Office Supplies,Storage,760.17,331.25
ORD-1968,2025-01-08,Central,Furniture,Tables,331.64,71.87
ORD-1969,2025-03-13,Central,Furniture,Bookcases,340.47,84.87
ORD-1970,2025-07-20,West,Office Supplies,Fasteners,65.5,21.51
ORD-1971,2024-10-21,East,Furniture,Chairs,2914.63,658.59
ORD-1972,2024-12-21,South,Office Supplies,Labels,62.64,22.36
ORD-1973,2025-04-17,South,Office Supplies,Art,458.69,140.31
ORD-1974,2025-04-14,South,Furniture,Furnishings,2198.43,340.14
ORD-1975,2025-09-02,South,Technology,Copiers,2885.11,579.1
ORD-1976,2025-04-19,East,Technology,Computers,3426.68,1171.03
ORD-1977,2024-10-27,East,Technology,Accessories,2528.32,481.5
ORD-1978,2025-08-15,East,Office Supplies,Storage,808.69,348.59
ORD-1979,2024-11-14,West,Technology,Computers,1184.03,273.04
ORD-1980,2025-07-03,East,Technology,Phones,3002.41,1007.87
ORD-1981,2024-11-28,West,Furniture,Furnishings,629.12,137.72
ORD-1982,2025-08-07,South,Office Supplies,Storage,154.06,53.2
ORD-1983,2025-07-07,South,Technology,Phones,1707.13,368.89
ORD-1984,2024-12-07,South,Technology,Phones,3568.69,1181.21
ORD-1985,2025-04-02,West,Technology,Computers,1875.43,462.98
ORD-1986,2024-12-20,East,Technology,Computers,1479.46,344.35
ORD-1987,2025-02-20,South,Furniture,Furnishings,1407.52,190.53
ORD-1988,2024-11-30,West,Office Supplies,Art,623.43,160.82
ORD-1989,2025-09-03,South,Office Supplies,Storage,53.62,15.33
ORD-1990,2025-04-13,West,Furniture,Chairs,1830.55,416.98
ORD-1991,2025-09-04,South,Technology,Copiers,2438.09,580.85
ORD-1992,2024-12-21,Central,Furniture,Tables,1626.18,307.42
ORD-1993,2024-12-13,South,Technology,Computers,3934.26,1256.82
ORD-1994,2024-12-03,East,Office Supplies,Labels,809.75,336.02
ORD-1995,2025-03-10,South,Office Supplies,Fasteners,123.17,35.64
ORD-1996,2025-04-12,Central,Technology,Copiers,2549.15,713.02
ORD-1997,2024-11-04,East,Technology,Copiers,1626.45,422.45
ORD-1998,2025-02-10,East,Office Supplies,Labels,314.85,91.26
ORD-1999,2025-07-08,West,Office Supplies,Storage,891.61,352.24
